{
	"class_name" : "PinholeCameraParameters",
	"extrinsic" : 
	[
		0.41323662237554376,
		-0.52332130476730132,
		0.74523171289492351,
		0.0,
		-0.48550594186123075,
		0.56574371705436421,
		0.66649683197367926,
		0.0,
		-0.7704021510517034,
		-0.63723532434271157,
		-0.020289580201366064,
		0.0,
		2416249.3536836761,
		-2793222.8439008757,
		-3999988.1301360987,
		1.0
	],
	"intrinsic" : 
	{
		"height" : 1922,
		"intrinsic_matrix" : 
		[
			1664.5008260736915,
			0.0,
			0.0,
			0.0,
			1664.5008260736915,
			0.0,
			1720.5,
			960.5,
			1.0
		],
		"width" : 3442
	},
	"version_major" : 1,
	"version_minor" : 0
}