{
	"class_name" : "PinholeCameraParameters",
	"extrinsic" : 
	[
		1.0,
		-0.0,
		-0.0,
		0.0,
		-0.0,
		-0.99999491992617628,
		-0.0031874946024197342,
		0.0,
		0.0,
		0.0031874946024197342,
		-0.99999491992617628,
		0.0,
		-520732.40075975721,
		5419349.1957654906,
		18124.132961126117,
		1.0
	],
	"intrinsic" : 
	{
		"height" : 1080,
		"intrinsic_matrix" : 
		[
			935.30743608719399,
			0.0,
			0.0,
			0.0,
			935.30743608719399,
			0.0,
			959.5,
			539.5,
			1.0
		],
		"width" : 1920
	},
	"version_major" : 1,
	"version_minor" : 0
}